insert into 支行 values('上海', '上海二行', 500);
insert into 支行 values('上海', '上海一行', 1200);
insert into 支行 values('北京', '北京一行', 1000);
insert into 支行 values('北京', '北京二行', 3000);
insert into 支行 values('南京', '南京一行', 90000);
insert into 支行 values('合肥', '合肥一行', 4000);

insert into 员工 values('440566199611230024', '440566199611230024',
 '刘六', '055183256412', '安徽省合肥市蜀山区金寨路78号', str_to_date('2011-04-09', '%Y-%m-%d'));
insert into 员工 values('165341199812240012', '440566199611230024',
'周霸霸', '054683214569', '上海市徐汇区虹桥路56号', str_to_date('2012-03-15', '%Y-%m-%d'));
insert into 员工 values('123456198905010032', '440566199611230024',
'齐德龙', '051283463476', '北京市朝阳区体育馆路101号', str_to_date('2013-07-16', '%Y-%m-%d'));
insert into 员工 values('165341198604230045', '440566199611230024',
'李顺', '054684521566', '上海市黄浦区南京路12号', str_to_date('2007-12-13','%Y-%m-%d'));
insert into 员工 values('452334197809270053', '440566199611230024',
'郑九', '051283125694', '北京市海淀区永定路32号', str_to_date('2008-08-16', '%Y-%m-%d'));
insert into 员工 values('123456194910010321', '440566199611230024',
'高洁', '032182365145', '江苏省南京市栖霞区营苑北路11号', str_to_date('2009-08-16', '%Y-%m-%d'));

/*客户*/
insert into 客户 values('440566196806300023', '440566199611230024',
'张三', '055188964521', '安徽省合肥市蜀山区金寨路11号', '张无忌', '13256978452',
'zhwj@ustc.edu.cn', '父子','贷款负责人');
insert into 客户 values('165341197503090012', '165341199812240012',
'王老吉',  '054689635121', '上海市徐汇区虹桥路17号', '王老五', '13456228896',
'zlj@163.com', '兄弟', '银行账户负责人');
insert into 客户 values('123456198502160014', '123456198905010032',
'罗永浩', '051286954732', '北京市朝阳区二龙路101号', '史珍香', '17543395923',
'lyh@126.com', '夫妻', '贷款负责人');
insert into 客户 values('165341198604230045', '165341198604230045',
'孙尚香', '054689566312', '上海市黄浦区延安东路123号', '孙权', '18723654987',  
'ssx@gmail.com', '兄妹',  '银行账户负责人');
insert into 客户 values('452334198510290032', '452334197809270053',
'谢娜', '051283256925', '北京市海淀区海淀街道95号', '张杰', '18753296421',
'xn@163.com', '夫妻', '贷款负责人');
insert into 客户 values('123456197502102542', '123456194910010321',
'赵四', '032160322012', '江苏省南京市玄武区五四路75号', '刘玲', '13562895443',
'zs@126.com', '母子', '银行账户负责人');

insert into 贷款 values(10000.00, 1234, '上海一行');
insert into 贷款 values(20000.00, 2355, '北京一行');
insert into 贷款 values(30000.00, 3201, '北京二行');
insert into 贷款 values(25301.00, 3021, '上海二行');
insert into 贷款 values(63201.00, 2351, '合肥一行');
insert into 贷款 values(73521.00, 9865, '南京一行');

insert into 拥有5 values(1234, '440566196806300023');
insert into 拥有5 values(2355, '165341197503090012');
insert into 拥有5 values(3201, '123456198502160014');
insert into 拥有5 values(3021, '165341198604230045');
insert into 拥有5 values(2351, '452334198510290032');
insert into 拥有5 values(9865, '123456197502102542');

insert into 支付情况 values(1234, '440566196806300023', 1000, str_to_date('2017-08-09', '%Y-%m-%d'));
insert into 支付情况 values(1234, '165341197503090012', 2000, str_to_date('2017-08-10', '%Y-%m-%d'));
insert into 支付情况 values(2355, '165341197503090012', 2000, str_to_date('2018-11-12', '%Y-%m-%d'));
insert into 支付情况 values(3201, '123456198502160014', 3000, str_to_date('2018-06-23', '%Y-%m-%d'));
insert into 支付情况 values(3021, '165341198604230045', 2500, str_to_date('2017-12-30', '%Y-%m-%d'));
insert into 支付情况 values(2351, '452334198510290032', 3500, str_to_date('2018-09-12', '%Y-%m-%d'));
insert into 支付情况 values(9865, '123456197502102542', 4000, str_to_date('2018-03-21', '%Y-%m-%d'));

insert into 账户 values(2001, str_to_date('2013-08-12', '%Y-%m-%d'), 0);
insert into 账户 values(2002, str_to_date('2014-05-23', '%Y-%m-%d'), 10000);
insert into 账户 values(2003, str_to_date('2016-12-29', '%Y-%m-%d'), 20000);
insert into 账户 values(2004, str_to_date('2017-04-16', '%Y-%m-%d'), 30000);
insert into 账户 values(2005, str_to_date('2015-02-14', '%Y-%m-%d'), 40000);
insert into 账户 values(1001, str_to_date('2018-01-21', '%Y-%m-%d'), 100000);
insert into 账户 values(1002, str_to_date('2018-04-26', '%Y-%m-%d'), 200000);
insert into 账户 values(1003, str_to_date('2018-05-30', '%Y-%m-%d'), 300000);
insert into 账户 values(1004, str_to_date('2017-01-11', '%Y-%m-%d'), 400000);
insert into 账户 values(1005, str_to_date('2015-02-14', '%Y-%m-%d'), 500000);

insert into 贷款账户 values(1001, str_to_date('2018-01-21', '%Y-%m-%d'), 100000, 0);
insert into 贷款账户 values(1002, str_to_date('2018-04-26', '%Y-%m-%d'), 200000, 10000);
insert into 贷款账户 values(1003, str_to_date('2018-05-30', '%Y-%m-%d'), 300000, 10000);
insert into 贷款账户 values(1004, str_to_date('2017-01-11', '%Y-%m-%d'), 400000, 0);
insert into 贷款账户 values(1005, str_to_date('2015-02-14', '%Y-%m-%d'), 500000, 10000);

insert into 贷款开户 values('440566196806300023', '合肥一行', 1001, str_to_date('2018-01-21', '%Y-%m-%d'));
insert into 贷款开户 values('165341197503090012', '上海一行', 1002, str_to_date('2018-04-26', '%Y-%m-%d'));
insert into 贷款开户 values('123456198502160014', '北京一行', 1003, str_to_date('2018-05-30', '%Y-%m-%d'));
insert into 贷款开户 values('165341198604230045', '上海二行', 1004, str_to_date('2017-01-11', '%Y-%m-%d'));
insert into 贷款开户 values('452334198510290032', '北京二行', 1005, str_to_date('2015-02-14', '%Y-%m-%d'));

insert into 储蓄账户 values(2001, str_to_date('2013-08-12', '%Y-%m-%d'), 0,
'人民币', 0.007);
insert into 储蓄账户 values(2002, str_to_date('2014-05-23', '%Y-%m-%d'), 10000,
'英镑', 0.008);
insert into 储蓄账户 values(2003, str_to_date('2016-12-29', '%Y-%m-%d'), 20000,
'美元', 0.008);
insert into 储蓄账户 values(2004, str_to_date('2017-04-16', '%Y-%m-%d'), 30000,
'美元', 0.008);
insert into 储蓄账户 values(2005, str_to_date('2015-02-14', '%Y-%m-%d'), 40000,
'美元', 0.008);

insert into 储蓄开户 values('440566196806300023', '合肥一行', 2001,
str_to_date('2013-08-12', '%Y-%m-%d'));
insert into 储蓄开户 values('165341197503090012', '上海一行', 2002,
str_to_date('2014-05-23', '%Y-%m-%d'));
insert into 储蓄开户 values('123456198502160014', '北京一行', 2003,
str_to_date('2016-12-29', '%Y-%m-%d'));
insert into 储蓄开户 values('165341198604230045', '上海二行', 2004,
str_to_date('2017-04-16', '%Y-%m-%d'));
insert into 储蓄开户 values('452334198510290032', '北京二行', 2005,
str_to_date('2015-02-14', '%Y-%m-%d'));

commit;